N,kappa_bundle_Km_over_Nk,eta_alphaT0,q0_Nh0W,A_seed_one_step,lambda_seed,mean_size,median_size,p90_size,p99_size,max_size,P_size_ge_2,P_size_ge_10,P_spanning,mean_duration,n_avalanches
100,0.01,5.0,0.5,1.0512710963760241,0.010000000000000009,1.7345,1.0,3.0,6.0,12,0.4075,0.001,0.0,0.33761459724389115,2000
100,0.01778279410038923,5.0,0.5,1.0508652426992575,0.009922773100057292,1.72,1.0,3.0,6.0,12,0.4175,0.001,0.0,0.3347899932820986,2000
100,0.03162277660168379,5.0,0.5,1.050159170477241,0.009788348722278739,1.712,1.0,3.0,6.0,11,0.398,0.001,0.0,0.3240269067772222,2000
100,0.056234132519034905,5.0,0.5,1.0489508246487707,0.009558090000297392,1.7265,1.0,3.0,7.0,13,0.414,0.001,0.0,0.3333584593193044,2000
100,0.1,5.0,0.5,1.046939932971732,0.00917431192660545,1.7285,1.0,3.0,6.0,23,0.413,0.0015,0.0,0.3323751939668703,2000
100,0.1778279410038923,5.0,0.5,1.0437442896975644,0.00856290524390424,1.7075,1.0,3.0,6.0,19,0.4035,0.0015,0.0,0.3205209105674245,2000
100,0.31622776601683794,5.0,0.5,1.0390202101867154,0.007655632700638071,1.694,1.0,3.0,5.0,13,0.3975,0.0015,0.0,0.31927879339972853,2000
100,0.5623413251903491,5.0,0.5,1.0327337486322459,0.006441882231521312,1.6575,1.0,3.0,6.0,10,0.3945,0.0005,0.0,0.2929295758504642,2000
100,1.0,5.0,0.5,1.0254439370479758,0.005025125628140614,1.6945,1.0,3.0,6.0,8,0.4045,0.0,0.0,0.3167089549907013,2000
100,1.7782794100389228,5.0,0.5,1.01822586069606,0.00361235212158717,1.6535,1.0,3.0,6.0,10,0.4,0.0005,0.0,0.2923838949559502,2000
100,3.1622776601683795,5.0,0.5,1.0121143756976199,0.002408316788621301,1.6955,1.0,3.0,5.009999999999991,11,0.4095,0.0005,0.0,0.3218666883749312,2000
100,5.62341325190349,5.0,0.5,1.0075890444362257,0.001512078501539449,1.6415,1.0,3.0,5.0,11,0.396,0.0005,0.0,0.2854669308555127,2000
100,10.0,5.0,0.5,1.0045599556369043,0.0009099181073703999,1.6585,1.0,3.0,5.0,9,0.4,0.0,0.0,0.2998933904372451,2000
100,17.78279410038923,5.0,0.5,1.0026669788528273,0.0005326857550627118,1.6515,1.0,3.0,6.0,9,0.388,0.0,0.0,0.3021091636415615,2000
100,31.622776601683793,5.0,0.5,1.001534317324248,0.0003066282924064634,1.625,1.0,3.0,5.009999999999991,9,0.397,0.0,0.0,0.2860960454401189,2000
100,0.01,10.0,0.5,1.1051709180756477,0.010000000000000009,2.0135,1.0,3.0,8.0,100,0.425,0.005,0.002,0.3825500548089855,2000
100,0.01778279410038923,10.0,0.5,1.1043177583133694,0.009922773100057292,1.883,1.0,3.0,7.0,100,0.4,0.004,0.001,0.35615410994208857,2000
100,0.03162277660168379,10.0,0.5,1.1028342833374472,0.009788348722278739,1.796,1.0,3.0,7.0,13,0.4265,0.001,0.0,0.3578915160440043,2000
100,0.056234132519034905,10.0,0.5,1.100297832531336,0.009558090000297392,1.8885,1.0,3.0,7.0,100,0.4215,0.003,0.001,0.36595120718027896,2000
100,0.1,10.0,0.5,1.0960832232508544,0.00917431192660545,1.761,1.0,3.0,6.0,15,0.415,0.0005,0.0,0.3413339510932991,2000
100,0.1778279410038923,10.0,0.5,1.0894021422762732,0.00856290524390424,1.781,1.0,3.0,7.0,12,0.4295,0.0035,0.0,0.3524267511843279,2000
100,0.31622776601683794,10.0,0.5,1.0795629971764462,0.007655632700638071,1.824,1.0,3.0,6.0,100,0.39,0.0015,0.001,0.3459043991128808,2000
100,0.5623413251903491,10.0,0.5,1.0665389955640108,0.006441882231521312,1.776,1.0,3.0,7.0,16,0.414,0.001,0.0,0.3494208722980128,2000
100,1.0,10.0,0.5,1.051535268028453,0.005025125628140614,1.718,1.0,3.0,6.0,13,0.4225,0.002,0.0,0.3210312677555808,2000
100,1.7782794100389228,10.0,0.5,1.036783903390232,0.00361235212158717,1.669,1.0,3.0,5.0,8,0.4045,0.0,0.0,0.3071474722177398,2000
100,3.1622776601683795,10.0,0.5,1.0243755094937825,0.002408316788621301,1.665,1.0,3.0,5.0,9,0.4025,0.0,0.0,0.297116385380227,2000
100,5.62341325190349,10.0,0.5,1.0152356824679063,0.001512078501539449,1.6165,1.0,3.0,5.0,9,0.3895,0.0,0.0,0.2809474355869334,2000
100,10.0,10.0,0.5,1.0091407044692189,0.0009099181073703999,1.6695,1.0,3.0,5.009999999999991,9,0.406,0.0,0.0,0.3080979401835874,2000
100,17.78279410038923,10.0,0.5,1.0053410704818562,0.0005326857550627118,1.627,1.0,3.0,5.0,8,0.3985,0.0,0.0,0.2906997266963942,2000
100,31.622776601683793,10.0,0.5,1.0030709887781473,0.0003066282924064634,1.603,1.0,3.0,5.0,7,0.389,0.0,0.0,0.27376169512223497,2000
100,0.01,15.0,0.5,1.1618342427282833,0.010000000000000009,3.276,1.0,4.0,100.0,100,0.446,0.0175,0.014,0.485476682409586,2000
100,0.01778279410038923,15.0,0.5,1.160489149107079,0.009922773100057292,2.9885,1.0,4.0,100.0,100,0.4305,0.0135,0.0115,0.44061760141043754,2000
100,0.03162277660168379,15.0,0.5,1.158151536163516,0.009788348722278739,3.134,1.0,4.0,100.0,100,0.4375,0.017,0.013,0.44842045993002166,2000
100,0.056234132519034905,15.0,0.5,1.1541583187929998,0.009558090000297392,2.631,1.0,4.0,9.0,100,0.428,0.009,0.008,0.42324407615428494,2000
100,0.1,15.0,0.5,1.1475332962816893,0.00917431192660545,2.82,1.0,4.0,15.849999999999227,100,0.4195,0.015,0.01,0.4355637773103528,2000
100,0.1778279410038923,15.0,0.5,1.1370572651851538,0.00856290524390424,2.227,1.0,3.0,9.0,100,0.422,0.007,0.004,0.3969063089840457,2000
100,0.31622776601683794,15.0,0.5,1.1216877722360714,0.007655632700638071,2.3045,1.0,3.0,8.009999999999991,100,0.426,0.0085,0.005,0.4022182805359447,2000
100,0.5623413251903491,15.0,0.5,1.1014508149512912,0.006441882231521312,1.946,1.0,3.0,7.0,100,0.4195,0.004,0.0015,0.36942328765327376,2000
100,1.0,15.0,0.5,1.0782904651918954,0.005025125628140614,1.7065,1.0,3.0,6.0,15,0.3805,0.003,0.0,0.31332510372745054,2000
100,1.7782794100389228,15.0,0.5,1.0556801823853394,0.00361235212158717,1.72,1.0,3.0,6.0,9,0.4085,0.0,0.0,0.3281972704218589,2000
100,3.1622776601683795,15.0,0.5,1.036785179271231,0.002408316788621301,1.6465,1.0,3.0,6.0,10,0.398,0.001,0.0,0.29277613628233123,2000
100,5.62341325190349,15.0,0.5,1.022940351175397,0.001512078501539449,1.6475,1.0,3.0,6.0,11,0.3855,0.0005,0.0,0.2935370777497825,2000
100,10.0,15.0,0.5,1.0137423413129927,0.0009099181073703999,1.665,1.0,3.0,5.0,7,0.408,0.0,0.0,0.30456550038238833,2000
100,17.78279410038923,15.0,0.5,1.00802229385671,0.0005326857550627118,1.6055,1.0,3.0,5.0,9,0.3805,0.0,0.0,0.28928569442005336,2000
100,31.622776601683793,15.0,0.5,1.00461001797368,0.0003066282924064634,1.6585,1.0,3.0,5.0,8,0.396,0.0,0.0,0.3132114067341495,2000
100,0.01,20.0,0.5,1.22140275816017,0.010000000000000009,6.1085,1.0,4.0,100.0,100,0.44,0.046,0.0435,0.5516365177679311,2000
100,0.01778279410038923,20.0,0.5,1.2195177113262654,0.009922773100057292,5.759,1.0,4.0,100.0,100,0.4545,0.0405,0.04,0.5264824319379126,2000
100,0.03162277660168379,20.0,0.5,1.2162434565044205,0.009788348722278739,5.8945,1.0,4.0,100.0,100,0.4645,0.0435,0.0415,0.5381474226295773,2000
100,0.056234132519034905,20.0,0.5,1.2106553202731558,0.009558090000297392,4.8855,1.0,4.0,100.0,100,0.4645,0.032,0.0305,0.5156701202881488,2000
100,0.1,20.0,0.5,1.2013984322919824,0.00917431192660545,4.3905,1.0,4.0,100.0,100,0.4565,0.028,0.0255,0.5026905266052516,2000
100,0.1778279410038923,20.0,0.5,1.1867970275961335,0.00856290524390424,4.0065,1.0,4.0,100.0,100,0.4395,0.0225,0.022,0.46971534229031187,2000
100,0.31622776601683794,20.0,0.5,1.1654562648725915,0.007655632700638071,3.0735,1.0,4.0,100.0,100,0.451,0.0195,0.012,0.4539116527920852,2000
100,0.5623413251903491,20.0,0.5,1.1375054290586892,0.006441882231521312,2.511,1.0,3.0,9.0,100,0.437,0.0095,0.007,0.41473183080306547,2000
100,1.0,20.0,0.5,1.1057264199076704,0.005025125628140614,1.7975,1.0,3.0,7.0,11,0.425,0.003,0.0,0.3590699642090846,2000
100,1.7782794100389228,20.0,0.5,1.0749208623290858,0.00361235212158717,1.727,1.0,3.0,6.0,10,0.417,0.001,0.0,0.32791875090051753,2000
100,3.1622776601683795,20.0,0.5,1.0493451844506467,0.002408316788621301,1.6545,1.0,3.0,6.0,13,0.3875,0.0005,0.0,0.29631554769405816,2000
100,5.62341325190349,20.0,0.5,1.0307034909560753,0.001512078501539449,1.6665,1.0,3.0,5.009999999999991,9,0.405,0.0,0.0,0.3085505253809393,2000
100,10.0,20.0,0.5,1.0183649614166312,0.0009099181073703999,1.6455,1.0,3.0,6.0,8,0.396,0.0,0.0,0.303352162564031,2000
100,17.78279410038923,20.0,0.5,1.0107106679976043,0.0005326857550627118,1.6405,1.0,3.0,5.0,9,0.3955,0.0,0.0,0.291165981960794,2000
100,31.622776601683793,20.0,0.5,1.00615140852837,0.0003066282924064634,1.681,1.0,3.0,5.0,8,0.4125,0.0,0.0,0.3148302767119943,2000
100,0.01,25.0,0.5,1.2840254166877418,0.010000000000000009,10.225,1.0,6.0,100.0,100,0.461,0.086,0.086,0.6038635559121033,2000
100,0.01778279410038923,25.0,0.5,1.281548775688919,0.009922773100057292,10.21,1.0,5.0,100.0,100,0.4735,0.086,0.086,0.6176590778132105,2000
100,0.03162277660168379,25.0,0.5,1.2772492193810547,0.009788348722278739,8.09,1.0,5.0,100.0,100,0.4605,0.064,0.064,0.5548244383043524,2000
100,0.056234132519034905,25.0,0.5,1.2699178965659483,0.009558090000297392,9.2075,1.0,5.0,100.0,100,0.464,0.076,0.0755,0.5984811991187572,2000
100,0.1,25.0,0.5,1.2577919941761118,0.00917431192660545,7.822,1.0,5.0,100.0,100,0.4525,0.0615,0.0615,0.5736284967106787,2000
100,0.1778279410038923,25.0,0.5,1.238712620583507,0.00856290524390424,7.432,1.0,5.0,100.0,100,0.466,0.057,0.0565,0.6066520710372824,2000
100,0.31622776601683794,25.0,0.5,1.2109326132913443,0.007655632700638071,5.189,1.0,4.0,100.0,100,0.4565,0.036,0.034,0.5278443731320364,2000
100,0.5623413251903491,25.0,0.5,1.1747402458413112,0.006441882231521312,2.7825,1.0,4.0,13.019999999999982,100,0.445,0.012,0.0095,0.4282564478469957,2000
100,1.0,25.0,0.5,1.133860453328085,0.005025125628140614,2.307,1.0,4.0,9.0,100,0.4285,0.008,0.0045,0.41522809949569506,2000
100,1.7782794100389228,25.0,0.5,1.0945122202251842,0.00361235212158717,1.774,1.0,3.0,7.0,20,0.408,0.0035,0.0,0.35565484184285584,2000
100,3.1622776601683795,25.0,0.5,1.06205734625157,0.002408316788621301,1.6805,1.0,3.0,6.0,9,0.3955,0.0,0.0,0.32046361120614214,2000
100,5.62341325190349,25.0,0.5,1.038525545549514,0.001512078501539449,1.696,1.0,3.0,6.0,11,0.4165,0.001,0.0,0.3117280591458896,2000
100,10.0,25.0,0.5,1.0230086604628688,0.0009099181073703999,1.6805,1.0,3.0,6.0,9,0.3975,0.0,0.0,0.3079233995911243,2000
100,17.78279410038923,25.0,0.5,1.013406211975481,0.0005326857550627118,1.6525,1.0,3.0,6.0,11,0.3845,0.0005,0.0,0.2931314905531832,2000
100,31.622776601683793,25.0,0.5,1.0076951640652914,0.0003066282924064634,1.6375,1.0,3.0,6.0,11,0.3845,0.001,0.0,0.29299693747809813,2000
100,0.01,30.0,0.5,1.3498588075760034,0.010000000000000009,14.5225,1.0,100.0,100.0,100,0.483,0.1305,0.1305,0.6636893791356625,2000
100,0.01778279410038923,30.0,0.5,1.346735065195272,0.009922773100057292,15.7155,1.0,100.0,100.0,100,0.4975,0.1425,0.1425,0.6884133005727358,2000
100,0.03162277660168379,30.0,0.5,1.341314980717912,0.009788348722278739,14.619,1.0,100.0,100.0,100,0.493,0.131,0.131,0.6732893877916543,2000
100,0.056234132519034905,30.0,0.5,1.3320814248390838,0.009558090000297392,13.2785,1.0,100.0,100.0,100,0.4955,0.1175,0.1175,0.6569939202483857,2000
100,0.1,30.0,0.5,1.3168326660751193,0.00917431192660545,10.2915,1.0,6.0,100.0,100,0.4625,0.087,0.087,0.574930245925674,2000
100,0.1778279410038923,30.0,0.5,1.2928992243103412,0.00856290524390424,10.5175,1.0,6.0,100.0,100,0.4785,0.089,0.089,0.6160979361048262,2000
100,0.31622776601683794,30.0,0.5,1.2581834583839209,0.007655632700638071,8.8255,1.0,5.0,100.0,100,0.457,0.0725,0.0715,0.619698616727819,2000
100,0.5623413251903491,30.0,0.5,1.2131938977568635,0.006441882231521312,5.6845,1.0,4.0,100.0,100,0.4535,0.0395,0.039,0.546398276326138,2000
100,1.0,30.0,0.5,1.162710327323754,0.005025125628140614,3.0015,1.0,4.0,100.0,100,0.463,0.0155,0.011,0.47569704334272056,2000
100,1.7782794100389228,30.0,0.5,1.1144606474811436,0.00361235212158717,2.1105,1.0,3.0,8.0,100,0.4245,0.0055,0.003,0.39449290430440653,2000
100,3.1622776601683795,30.0,0.5,1.0749235079564785,0.002408316788621301,1.7415,1.0,3.0,6.0,13,0.4305,0.0025,0.0,0.3300771483928346,2000
100,5.62341325190349,30.0,0.5,1.0464069620628447,0.001512078501539449,1.68,1.0,3.0,6.0,13,0.404,0.001,0.0,0.31316412006582506,2000
100,10.0,30.0,0.5,1.0276735345707482,0.0009099181073703999,1.6555,1.0,3.0,6.0,9,0.3915,0.0,0.0,0.2957208826536697,2000
100,17.78279410038923,30.0,0.5,1.0161089449121434,0.0005326857550627118,1.6815,1.0,3.0,6.0,9,0.411,0.0,0.0,0.31412307888540136,2000
100,31.622776601683793,30.0,0.5,1.0092412882130777,0.0003066282924064634,1.6625,1.0,3.0,6.0,8,0.4045,0.0,0.0,0.299412086001902,2000
